<?xml version="1.0" encoding="UTF-8"?>
<!DOCTYPE mapper PUBLIC "-//mybatis.org//DTD Mapper 3.0//EN" "http://mybatis.org/dtd/mybatis-3-mapper.dtd">
<mapper namespace="com.example.demo2.mapper.UserMapper">
    <resultMap id="BaseResultMap" type="com.example.demo2.model.User">
        <id property="id" column="Id"/>
        <result property="name" column="name"/>
        <result property="age" column="age"/>
    </resultMap>
    <select id="select" resultMap="BaseResultMap">
        select *
        from user;
    </select>
    <delete id="deleteById">
        delete from user where Id=#{id};
    </delete>
    <insert id="insert" parameterType="com.example.demo2.model.User">
        insert into user(name,age) value(#{name},#{age});
    </insert>
    <update id="updateById" parameterType="com.example.demo2.model.User">
        update user set name=#{name},age=#{age} where Id=#{id};
    </update>
</mapper>